,frecuencia
j ,1
xf,1
vr,1
yk,1
bc,1
cn,1
sj,1
lj,1
yq,1
q ,1
rq,1
kj,1
uw,1
pk,1
oq,2
aq,2
xo,2
mh,2
kg,2
mc,2
dj,2
fb,2
rj,2
cm,2
uh,2
ji,2
gd,2
hq,2
bw,2
dz,2
gj,2
tx,2
dk,2
fq,2
fw,2
gv,2
vn,2
xy,2
fd,3
gc,3
yv,3
yu,3
xs,3
bh,3
md,3
iq,3
wu,3
kt,3
pf,3
fk,3
pd,4
yy,4
kc,4
bn,4
xq,4
kh,4
xu,4
ih,4
fc,4
ux,4
hh,4
kr,5
dc,5
hc,5
bm,5
kb,5
bv,5
ku,5
fp,5
kw,5
cz,6
hd,6
yx,6
wt,6
wp,6
dp,6
gw,6
uy,6
yd,7
pb,7
np,7
lh,7
ez,7
uk,7
wb,7
zg,7
sz,8
td,8
aj,8
gf,8
gm,9
zy,9
sr,9
cf,10
wy,10
bk,10
km,10
tg,11
pm,11
gp,11
cq,12
bd,12
mw,12
lb,12
zo,13
dt,14
oz,14
zl,14
mt,14
gb,15
ao,15
uz,15
yh,15
xv,15
hf,16
xh,16
fy,16
z ,16
xx,17
 z,17
wg,17
cs,17
wd,17
hw,17
wk,18
sd,18
tp,18
hb,19
yg,20
sq,20
aa,21
df,21
ej,22
nx,22
pg,22
zi,23
v ,23
vu,23
yn,24
nm,24
lg,24
dw,24
yf,24
db,24
pw,24
nz,25
pn,25
ln,26
zz,27
tz,27
tb,27
za,27
bj,28
fs,29
wf,30
nq,30
kf,30
ww,31
uo,32
sg,32
uv,34
ml,34
tn,37
mf,37
tf,38
ko,38
yw,38
nj,39
yb,40
vy,41
dv,42
gy,44
az,46
nw,49
nh,49
ky,50
nr,53
dm,53
ja,54
ax,54
ah,55
bb,55
hl,56
hn,57
iz,60
 x,60
eq,64
yc,64
hs,66
hm,66
ii,66
sf,70
yr,72
xa,75
mn,77
kl,81
iu,82
rh,82
ka,83
bt,84
xt,88
sb,88
ox,89
yl,92
xe,92
lc,93
rw,94
lw,99
rb,99
ek,99
ym,100
yp,101
sn,102
b ,102
bs,102
ix,102
lr,102
dg,106
nv,107
uf,108
sy,111
eb,112
ya,114
ze,114
dn,120
xc,121
gg,122
mr,129
xi,131
wl,134
lp,137
gn,141
xp,145
x ,147
oh,159
rp,162
gt,163
py,164
rf,166
mm,176
tm,178
oe,178
lm,183
lk,185
hy,187
lv,188
oj,188
eh,188
nf,188
nb,195
ae,197
yt,198
nu,204
ws,209
ua,219
cc,219
vo,228
eu,231
du,232
og,232
je,234
tc,236
c ,237
ob,240
oy,242
dh,242
ub,249
wr,252
cy,258
sm,261
dl,266
ju,276
bi,277
rv,281
eo,281
ph,290
ks,304
um,306
mb,316
ib,320
ps,335
sk,335
gl,339
yi,340
fl,340
nn,345
tw,348
rl,363
ud,366
ik,379
rc,383
sw,386
cu,388
pu,402
lt,407
dy,410
ue,414
jo,418
ip,418
oa,421
gs,431
gu,431
sc,437
 q,440
rg,461
nk,468
nl,470
af,479
pt,486
hr,499
lu,500
oc,513
ia,516
dd,518
ms,522
mp,530
sl,533
cr,533
rm,542
ex,543
oi,549
pp,561
ty,568
ru,580
qu,589
ci,590
eg,596
au,598
ff,619
gi,624
lf,626
ui,628
ft,632
rk,635
 j,637
pi,643
va,659
kn,685
fu,685
tl,699
cl,701
ye,705
dr,720
ew,724
mu,739
ls,743
by,749
ba,751
aw,752
hu,760
br,773
rr,784
ny,787
ap,790
tu,804
vi,834
ys,840
wn,846
rn,853
ef,856
ki,865
sp,891
uc,928
up,936
ga,938
ds,949
op,962
ei,966
ck,980
tt,991
na,992
ak,998
ct,1001
ab,1012
 v,1021
iv,1023
ts,1026
ok,1040
pl,1050
ag,1053
da,1056
fa,1077
bl,1081
ep,1092
pa,1115
fi,1117
ov,1142
ug,1179
gr,1180
 k,1187
if,1215
od,1230
nc,1231
ni,1238
po,1257
su,1272
rd,1273
os,1300
io,1300
p ,1325
ey,1344
bo,1347
ry,1361
fr,1363
my,1376
pr,1384
ec,1390
fe,1424
ev,1425
ig,1427
ol,1428
mi,1467
ht,1495
ge,1506
ir,1515
ie,1529
bu,1563
ns,1688
am,1724
mo,1789
di,1795
go,1813
rt,1814
tr,1820
ta,1853
ic,1871
do,1886
wo,1894
rs,1969
av,1980
u ,1990
ca,2039
ss,2042
la,2053
sa,2057
em,2060
pe,2115
si,2123
ay,2123
ac,2142
ra,2146
un,2147
gh,2158
ke,2250
w ,2250
k ,2256
id,2299
 u,2363
ai,2435
ce,2437
et,2438
ld,2440
ul,2503
lo,2545
im,2564
li,2575
ly,2670
oo,2694
il,2698
co,2767
ri,2779
yo,2854
sh,2926
so,2956
ur,2995
ch,3013
ad,3036
 r,3068
ee,3079
ow,3095
ma,3105
de,3106
 y,3167
us,3190
ot,3213
ti,3215
fo,3279
 e,3282
we,3316
ut,3317
wi,3396
el,3431
om,3471
i ,3736
ro,3744
wh,3753
 g,3767
wa,3785
ho,3813
nt,3886
no,3894
be,3899
ne,4113
 p,4179
 n,4201
a ,4219
m ,4234
al,4301
 l,4453
le,4743
ll,4845
h ,4961
l ,5011
 d,5026
of,5097
te,5234
es,5248
st,5319
ea,5396
ve,5532
ar,5542
me,5584
g ,5601
se,5792
as,6001
 c,6029
f ,6060
it,6356
is,6439
ed,6573
ng,6650
or,6822
on,6871
 f,6983
at,7199
to,7299
en,7613
 b,7698
hi,7885
 m,8427
ha,8752
o ,9239
ou,9320
re,9352
y ,9846
nd,10319
 o,10960
r ,11429
er,11748
 i,12440
in,13090
an,13130
n ,13409
 s,13945
 w,14227
 h,15301
t ,18867
s ,19523
 a,20768
d ,21378
he,23112
th,23684
 t,27694
e ,35467
